<?xml version="1.0" encoding="UTF-8" ?>
 <!DOCTYPE mapper PUBLIC "-//mybatis.org//DTD Mapper 3.0//EN" "http://mybatis.org/dtd/mybatis-3-mapper.dtd">

<mapper namespace="com.example.demo.dao.BoardDao">

	<!-- 게시판 원문 작성 -->
	<insert id="insertBoard" parameterType="board">
		<selectKey keyProperty="board_re_ref" order="BEFORE" resultType="int">
			select ifnull(max(board_num),0) + 1 from board53
		</selectKey>	
		insert into board53(
		board_name,board_pass,board_subject,board_content,
		board_re_ref,board_re_lev,board_re_seq,board_readcount,board_date)
		values
		(#{board_name},#{board_pass},#{board_subject},#{board_content},
		#{board_re_ref},0,0,0,sysdate())
	</insert>

	<!-- 게시판 총게시물 수 -->
	<select id="getListCount" resultType="int">
		select count(*) from board53
	</select>

	<!-- 게시판 목록  -->
	<select id="getBoardList" parameterType="int" resultType="board">
	    select * from board53 order by board_re_ref desc, board_re_seq asc limit #{start}, 10
	</select>

	<!-- 게시판 상세보기 -->
	<select id="getBoardCont" parameterType="int" resultType="board">
		select * from board53 where board_num=#{board_num}
	</select>

	<!-- 게시판 조회수 증가 -->
	<update id="boardHit" parameterType="int">
		update board53 set board_readcount=board_readcount+1
		where board_num=#{board_num}
	</update>

	<!-- 게시판 수정 -->
	<update id="boardEdit" parameterType="board">
		update board53 set board_name=#{board_name},
		board_subject=#{board_subject},	board_content=#{board_content}
		where board_num=#{board_num}
	</update>

	<!-- 게시판 삭제 -->
	<delete id="boardDelete" parameterType="int">
		delete from board53 where board_num=#{board_num}
	</delete>

	<!-- 답변글 레벨 증가 -->
	<update id="refEdit" parameterType="board">
		update board53 set board_re_seq=board_re_seq+1
		where board_re_ref=#{board_re_ref} and board_re_seq > #{board_re_seq}
	</update>

	<!-- 답변글 저장 -->
	<insert id="boardReplyOk" parameterType="board">
		insert into board53
		(board_name,board_subject,board_content,board_pass,
		board_re_ref,board_re_lev,board_re_seq,board_readcount,board_date)
		values
		(#{board_name},#{board_subject},#{board_content},#{board_pass},
		#{board_re_ref},#{board_re_lev},#{board_re_seq},0,sysdate())
	</insert>

</mapper>
